Workbook

Sheet 2025년 11월
B2: 부서별 복리후생비 관리대장
B3: ** 복리후생비 내역관리(내부 복리후생비 관리용)
B5: 담당자 | C5: 박성준
B7: 11월 | C7: 카드번호 | D7: 부서명 | E7: 팀명 | F7: 이름 | G7: 한도금액 | H7: 전월잔액 | I7: 사용가능금액 | J7: 사용금액 | K7: 누적잔액 | L7: 비고 | O7: 본인 확인
B8: 11월 | C8: 5532-2400-1309-2679 | D8: 텝섹 | E8: 보안연구소 | F8: 박성준 | G8: 300000 | H8: 0 | I8: =G8+H8 -> 300000 | J8: 184900 | K8: =I8-J8 -> 115100 | O8: 2025년 11월 박성준
B9: 11월 | C9: 5532-2400-1076-5426 | D9: 텝섹 | E9: 보안연구소 | F9: 김민혁 | G9: 300000 | H9: 0 | I9: =G9+H9 -> 300000 | J9: 147800 | K9: =I9-J9 -> 152200 | O9: 2025년 11월 김민혁
B10: 11월 | C10: 5532-2400-1846-8387 | D10: 텝섹 | E10: 보안연구소 | F10: 바기 | G10: 300000 | H10: 0 | I10: =G10+H10 -> 300000 | J10: 287940 | K10: =I10-J10 -> 12060 | O10: 2025년 11월 바기
B11: 11월 | C11: 5532-2400-1467-4913 | D11: 텝섹 | E11: 보안연구소 | F11: 임동건 | G11: 300000 | H11: 0 | I11: =G11+H11 -> 300000 | J11: 158700 | K11: =I11-J11 -> 141300 | O11: 2025년 11월 임동건
B12: 11월 | C12: 5532-2400-1898-9549 | D12: 텝섹 | E12: 보안연구소 | F12: 최한솔 | G12: 300000 | H12: 0 | I12: =G12+H12 -> 300000 | J12: 212040 | K12: =I12-J12 -> 87960 | O12: 2025년 11월 최한솔
B13: 11월 | C13: 5532-2400-1939-7791 | D13: 텝섹 | E13: 보안연구소 | F13: 최현서 | G13: 300000 | H13: 0 | I13: =G13+H13 -> 300000 | J13: 298870 | K13: =I13-J13 -> 1130 | O13: 2025년 11월 최현서
B14: 11월 | C14: 5532-2400-1636-5783 | D14: 텝섹 | E14: 보안연구소 | F14: 김진경 | G14: 300000 | H14: 0 | I14: =G14+H14 -> 300000 | J14: 253700 | K14: =I14-J14 -> 46300 | M14: 실제 잔액 | O14: 2025년 11월 김진경
B15: 합계 | G15: =SUM(G7:G14) -> 2100000 | H15: =SUM(H8:H14) -> 0 | I15: =SUM(I7:I14) -> 2100000 | J15: =SUM(J8:J14) -> 1543950 | K15: =SUM(K8:K14) -> 556050 | M15: =K15 -> 556050

Sheet 2025년 12월
B2: 부서별 복리후생비 관리대장
B3: ** 복리후생비 내역관리(내부 복리후생비 관리용)
B5: 담당자 | C5: 박성준
B7: 12월 | C7: 카드번호 | D7: 부서명 | E7: 팀명 | F7: 이름 | G7: 한도금액 | H7: 전월잔액 | I7: 사용가능금액 | J7: 사용금액 | K7: 누적잔액 | L7: 비고 | O7: 본인 확인
B8: 12월 | C8: 5532-2400-1309-2679 | D8: 텝섹 | E8: 보안연구소 | F8: 박성준 | G8: 300000 | H8: ='2025년 11월'!K8 -> 115100 | I8: =G8+H8 -> 415100 | J8: 365013 | K8: =I8-J8 -> 50087 | O8: 2025년 12월 박성준
B9: 12월 | C9: 5532-2400-1076-5426 | D9: 텝섹 | E9: 보안연구소 | F9: 김민혁 | G9: 300000 | H9: ='2025년 11월'!K9 -> 152200 | I9: =G9+H9 -> 452200 | J9: 333800 | K9: =I9-J9 -> 118400 | O9: 2025년 12월 김민혁
B10: 12월 | C10: 5532-2400-1846-8387 | D10: 텝섹 | E10: 보안연구소 | F10: 바기 | G10: 300000 | H10: ='2025년 11월'!K10 -> 12060 | I10: =G10+H10 -> 312060 | J10: 295900 | K10: =I10-J10 -> 16160 | O10: 2025년 12월 바기
B11: 12월 | C11: 5532-2400-1467-4913 | D11: 텝섹 | E11: 보안연구소 | F11: 임동건 | G11: 300000 | H11: ='2025년 11월'!K11 -> 141300 | I11: =G11+H11 -> 441300 | J11: 257340 | K11: =I11-J11 -> 183960 | O11: 2025년 12월 임동건
B12: 12월 | C12: 5532-2400-1898-9549 | D12: 텝섹 | E12: 보안연구소 | F12: 최한솔 | G12: 300000 | H12: ='2025년 11월'!K12 -> 87960 | I12: =G12+H12 -> 387960 | J12: 381590 | K12: =I12-J12 -> 6370 | O12: 2025년 12월 최한솔
B13: 12월 | C13: 5532-2400-1939-7791 | D13: 텝섹 | E13: 보안연구소 | F13: 최현서 | G13: 300000 | H13: ='2025년 11월'!K13 -> 1130 | I13: =G13+H13 -> 301130 | J13: 299700 | K13: =I13-J13 -> 1430 | O13: 2025년 12월 최현서
B14: 12월 | C14: 5532-2400-1636-5783 | D14: 텝섹 | E14: 보안연구소 | F14: 김진경 | G14: 300000 | H14: ='2025년 11월'!K14 -> 46300 | I14: =G14+H14 -> 346300 | J14: 337700 | K14: =I14-J14 -> 8600 | M14: 실제 잔액 | O14: 2025년 12월 김진경
B15: 합계 | G15: =SUM(G7:G14) -> 2100000 | H15: =SUM(H8:H14) -> 556050 | I15: =SUM(I7:I14) -> 2656050 | J15: =SUM(J8:J14) -> 2271043 | K15: =SUM(K8:K14) -> 385007 | M15: =K15 -> 385007

Sheet 2026년 1월
B2: 부서별 복리후생비 관리대장
B3: ** 복리후생비 내역관리(내부 복리후생비 관리용)
B5: 담당자 | C5: 박성준
B7: 1월 | C7: 카드번호 | D7: 부서명 | E7: 팀명 | F7: 이름 | G7: 한도금액 | H7: 전월잔액 | I7: 사용가능금액 | J7: 사용금액 | K7: 누적잔액 | L7: 비고 | O7: 본인 확인
B8: 1월 | C8: 5532-2400-1309-2679 | D8: 텝섹 | E8: 보안연구소 | F8: 박성준 | G8: 300000 | H8: ='2025년 12월'!K8 -> 50087 | I8: =G8+H8 -> 350087 | J8: 356500 | K8: =I8-J8 -> -6413 | O8: 2026년 1월 박성준
B9: 1월 | C9: 5532-2400-1076-5426 | D9: 텝섹 | E9: 보안연구소 | F9: 김민혁 | G9: 300000 | H9: ='2025년 12월'!K9 -> 118400 | I9: =G9+H9 -> 418400 | J9: 244106 | K9: =I9-J9 -> 174294 | O9: 2026년 1월 김민혁
B10: 1월 | C10: 5532-2400-1846-8387 | D10: 텝섹 | E10: 보안연구소 | F10: 바기 | G10: 300000 | H10: ='2025년 12월'!K10 -> 16160 | I10: =G10+H10 -> 316160 | J10: 289740 | K10: =I10-J10 -> 26420 | O10: 2026년 1월 바기
B11: 1월 | C11: 5532-2400-1467-4913 | D11: 텝섹 | E11: 보안연구소 | F11: 임동건 | G11: 300000 | H11: ='2025년 12월'!K11 -> 183960 | I11: =G11+H11 -> 483960 | J11: 213540 | K11: =I11-J11 -> 270420 | O11: 2026년 1월 임동건
B12: 1월 | C12: 5532-2400-1898-9549 | D12: 텝섹 | E12: 보안연구소 | F12: 최한솔 | G12: 300000 | H12: ='2025년 12월'!K12 -> 6370 | I12: =G12+H12 -> 306370 | J12: 8600 | K12: =I12-J12 -> 297770 | L12: 1/1~1/7 사용 내역 부서이동 | O12: 2026년 1월 최한솔
B13: 1월 | C13: 5532-2400-1939-7791 | D13: 텝섹 | E13: 보안연구소 | F13: 최현서 | G13: 300000 | H13: ='2025년 12월'!K13 -> 1430 | I13: =G13+H13 -> 301430 | J13: 12200 | K13: =I13-J13 -> 289230 | L13: 1/1~1/7 사용 내역 부서이동 | O13: 2026년 1월 최현서
B14: 1월 | C14: 5532-2400-1636-5783 | D14: 텝섹 | E14: 보안연구소 | F14: 김진경 | G14: 300000 | H14: ='2025년 12월'!K14 -> 8600 | I14: =G14+H14 -> 308600 | J14: 30100 | K14: =I14-J14 -> 278500 | L14: 1/1~1/7 사용 내역 부서이동 | M14: 실제 잔액 | O14: 2026년 1월 김진경
B15: 합계 | G15: =SUM(G7:G14) -> 2100000 | H15: =SUM(H8:H14) -> 385007 | I15: =SUM(I7:I14) -> 2485007 | J15: =SUM(J8:J14) -> 1154786 | K15: =SUM(K8:K14) -> 1330221 | M15: =K15 -> 1330221

Sheet 2026년 2월
B2: 부서별 복리후생비 관리대장
B3: ** 복리후생비 내역관리(내부 복리후생비 관리용)
B5: 담당자 | C5: 박성준
B7: 2월 | C7: 카드번호 | D7: 부서명 | E7: 팀명 | F7: 이름 | G7: 한도금액 | H7: 전월잔액 | I7: 사용가능금액 | J7: 사용금액 | K7: 누적잔액 | L7: 비고 | O7: 본인 확인
B8: 2월 | C8: 5532-2400-1309-2679 | D8: 텝섹 | E8: 보안연구소 | F8: 박성준 | G8: 300000 | H8: ='2026년 1월'!K8 -> -6413 | I8: =G8+H8 -> 293587 | J8: 194440 | K8: =I8-J8 -> 99147 | O8: 2026년 2월 박성준
B9: 2월 | C9: 5532-2400-1076-5426 | D9: 텝섹 | E9: 보안연구소 | F9: 김민혁 | G9: 300000 | H9: ='2026년 1월'!K9 -> 174294 | I9: =G9+H9 -> 474294 | J9: 445470 | K9: =I9-J9 -> 28824 | O9: 2026년 2월 김민혁
B10: 2월 | C10: 5532-2400-1846-8387 | D10: 텝섹 | E10: 보안연구소 | F10: 바기 | G10: 300000 | H10: ='2026년 1월'!K10 -> 26420 | I10: =G10+H10 -> 326420 | J10: 284180 | K10: =I10-J10 -> 42240 | O10: 2026년 2월 바기
B11: 2월 | C11: 5532-2400-1467-4913 | D11: 텝섹 | E11: 보안연구소 | F11: 임동건 | G11: 300000 | H11: ='2026년 1월'!K11 -> 270420 | I11: =G11+H11 -> 570420 | J11: 258700 | K11: =I11-J11 -> 311720 | O11: 2026년 2월 임동건
B12: 합계 | G12: =SUM(G7:G11) -> 1200000 | H12: =SUM(H8:H11) -> 464721 | I12: =SUM(I7:I11) -> 1664721 | J12: =SUM(J8:J11) -> 1182790 | K12: =SUM(K8:K11) -> 481931 | M12: =K12 -> 481931

Sheet 2026년 3월
B2: 부서별 복리후생비 관리대장
B3: ** 복리후생비 내역관리(내부 복리후생비 관리용)
B5: 담당자 | C5: 박성준
B7: 3월 | C7: 카드번호 | D7: 부서명 | E7: 팀명 | F7: 이름 | G7: 한도금액 | H7: 전월잔액 | I7: 사용가능금액 | J7: 사용금액 | K7: 누적잔액 | L7: 비고
B8: 3월 | C8: 5532-2400-1309-2679 | D8: 텝섹 | E8: 보안연구소 | F8: 박성준 | G8: 300000 | H8: ='2026년 2월'!K8 -> 99147 | I8: =G8+H8 -> 399147 | J8: 368420 | K8: =I8-J8 -> 30727
B9: 3월 | C9: 5532-2400-1076-5426 | D9: 텝섹 | E9: 보안연구소 | F9: 김민혁 | G9: 300000 | H9: ='2026년 2월'!K9 -> 28824 | I9: =G9+H9 -> 328824 | J9: 303200 | K9: =I9-J9 -> 25624
B10: 3월 | C10: 5532-2400-1846-8387 | D10: 텝섹 | E10: 보안연구소 | F10: 바기 | G10: 300000 | H10: ='2026년 2월'!K10 -> 42240 | I10: =G10+H10 -> 342240 | J10: 314430 | K10: =I10-J10 -> 27810
B11: 3월 | C11: 5532-2400-1467-4913 | D11: 텝섹 | E11: 보안연구소 | F11: 임동건 | G11: 300000 | H11: ='2026년 2월'!K11 -> 311720 | I11: =G11+H11 -> 611720 | J11: 243320 | K11: =I11-J11 -> 368400
B12: 합계 | G12: =SUM(G7:G11) -> 1200000 | H12: =SUM(H8:H11) -> 481931 | I12: =SUM(I7:I11) -> 1681931 | J12: =SUM(J8:J11) -> 1229370 | K12: =SUM(K8:K11) -> 452561 | M12: =K12 -> 452561

Sheet 2026년 4월
B2: 부서별 복리후생비 관리대장
B3: ** 복리후생비 내역관리(내부 복리후생비 관리용)
B5: 담당자 | C5: 박성준
B7: 4월 | C7: 카드번호 | D7: 부서명 | E7: 팀명 | F7: 이름 | G7: 한도금액 | H7: 전월잔액 | I7: 사용가능금액 | J7: 사용금액 | K7: 누적잔액 | L7: 비고
B8: 4월 | C8: 5532-2400-1309-2679 | D8: 텝섹 | E8: 보안연구소 | F8: 박성준 | G8: 300000 | H8: ='2026년 3월'!K8 -> 30727 | I8: =G8+H8 -> 330727 | J8: 157300 | K8: =I8-J8 -> 173427
B9: 4월 | C9: 5532-2400-1076-5426 | D9: 텝섹 | E9: 보안연구소 | F9: 김민혁 | G9: 300000 | H9: ='2026년 3월'!K9 -> 25624 | I9: =G9+H9 -> 325624 | J9: 128400 | K9: =I9-J9 -> 197224
B10: 4월 | C10: 5532-2400-1846-8387 | D10: 텝섹 | E10: 보안연구소 | F10: 바기 | G10: 300000 | H10: ='2026년 3월'!K10 -> 27810 | I10: =G10+H10 -> 327810 | K10: =I10-J10 -> 327810
B11: 4월 | C11: 5532-2400-1467-4913 | D11: 텝섹 | E11: 보안연구소 | F11: 임동건 | G11: 300000 | H11: ='2026년 3월'!K11 -> 368400 | I11: =G11+H11 -> 668400 | J11: 237180 | K11: =I11-J11 -> 431220
B12: 합계 | G12: =SUM(G7:G11) -> 1200000 | H12: =SUM(H8:H11) -> 452561 | I12: =SUM(I7:I11) -> 1652561 | J12: =SUM(J8:J11) -> 522880 | K12: =SUM(K8:K11) -> 1129681 | M12: =K12 -> 1129681

Sheet 2026년 5월
B2: 부서별 복리후생비 관리대장
B3: ** 복리후생비 내역관리(내부 복리후생비 관리용)
B5: 담당자 | C5: 박성준
B7: 4월 | C7: 카드번호 | D7: 부서명 | E7: 팀명 | F7: 이름 | G7: 한도금액 | H7: 전월잔액 | I7: 사용가능금액 | J7: 사용금액 | K7: 누적잔액 | L7: 비고
B8: 4월 | C8: 5532-2400-1309-2679 | D8: 텝섹 | E8: 보안연구소 | F8: 박성준 | G8: 300000 | H8: ='2026년 4월'!K8 -> 173427 | I8: =G8+H8 -> 330727 | J8: 0 | K8: =I8-J8 -> 330727
B9: 4월 | C9: 5532-2400-1076-5426 | D9: 텝섹 | E9: 보안연구소 | F9: 김민혁 | G9: 300000 | H9: ='2026년 4월'!K9 -> 197224 | I9: =G9+H9 -> 325624 | K9: =I9-J9 -> 197224
B10: 4월 | C10: 5532-2400-1846-8387 | D10: 텝섹 | E10: 보안연구소 | F10: 바기 | G10: 300000 | H10: ='2026년 4월'!K10 -> 327810 | I10: =G10+H10 -> 327810 | K10: =I10-J10 -> 327810
B11: 4월 | C11: 5532-2400-1467-4913 | D11: 텝섹 | E11: 보안연구소 | F11: 임동건 | G11: 300000 | H11: ='2026년 4월'!K11 -> 431220 | I11: =G11+H11 -> 668400 | K11: =I11-J11 -> 431220
B12: 합계 | G12: =SUM(G7:G11) -> 1200000 | H12: =SUM(H8:H11) -> 452561 | I12: =SUM(I7:I11) -> 1652561 | J12: =SUM(J8:J11) -> 522880 | K12: =SUM(K8:K11) -> 1129681 | M12: =K12 -> 1129681
